{"v":"5.8.1","fr":60,"ip":0,"op":114,"w":1920,"h":1500,"nm":"lesson 3","ddd":0,"assets":[],"layers":[{"ddd":0,"ind":1,"ty":4,"nm":"circle 5","sr":1,"ks":{"o":{"a":0,"k":100,"ix":11},"r":{"a":0,"k":0,"ix":10},"p":{"a":1,"k":[{"i":{"x":0.562,"y":0.562},"o":{"x":0.167,"y":0.167},"t":42,"s":[994.5,413,0],"to":[138.071,0,0],"ti":[0,-138.071,0]},{"i":{"x":0.656,"y":0.656},"o":{"x":0.311,"y":0.311},"t":63.5,"s":[1244.5,663,0],"to":[0,138.071,0],"ti":[138.071,0,0]},{"i":{"x":0.689,"y":0.689},"o":{"x":0.343,"y":0.343},"t":85,"s":[994.5,913,0],"to":[-138.071,0,0],"ti":[0,138.071,0]},{"i":{"x":0.833,"y":0.833},"o":{"x":0.437,"y":0.437},"t":106.5,"s":[744.5,663,0],"to":[0,-138.071,0],"ti":[-138.071,0,0]},{"t":128,"s":[994.5,413,0]}],"ix":2,"l":2},"a":{"a":0,"k":[-24,-346,0],"ix":1,"l":2},"s":{"a":0,"k":[20,20,100],"ix":6,"l":2}},"ao":0,"shapes":[{"ty":"gr","it":[{"d":1,"ty":"el","s":{"a":0,"k":[152,152],"ix":2},"p":{"a":0,"k":[0,0],"ix":3},"nm":"Ellipse Path 1","mn":"ADBE Vector Shape - Ellipse","hd":false},{"ty":"fl","c":{"a":0,"k":[0.188307130103,0.797647034888,0.566814527325,1],"ix":4},"o":{"a":0,"k":100,"ix":5},"r":1,"bm":0,"nm":"Fill 1","mn":"ADBE Vector Graphic - Fill","hd":false},{"ty":"tr","p":{"a":0,"k":[-24,-346],"ix":2},"a":{"a":0,"k":[0,0],"ix":1},"s":{"a":0,"k":[100,100],"ix":3},"r":{"a":0,"k":0,"ix":6},"o":{"a":0,"k":100,"ix":7},"sk":{"a":0,"k":0,"ix":4},"sa":{"a":0,"k":0,"ix":5},"nm":"Transform"}],"nm":"Ellipse 1","np":3,"cix":2,"bm":0,"ix":1,"mn":"ADBE Vector Group","hd":false}],"ip":42,"op":342,"st":42,"bm":0},{"ddd":0,"ind":2,"ty":4,"nm":"circle 4","sr":1,"ks":{"o":{"a":0,"k":100,"ix":11},"r":{"a":0,"k":0,"ix":10},"p":{"a":1,"k":[{"i":{"x":0.562,"y":0.562},"o":{"x":0.167,"y":0.167},"t":30,"s":[994.5,413,0],"to":[138.071,0,0],"ti":[0,-138.071,0]},{"i":{"x":0.656,"y":0.656},"o":{"x":0.311,"y":0.311},"t":51.5,"s":[1244.5,663,0],"to":[0,138.071,0],"ti":[138.071,0,0]},{"i":{"x":0.689,"y":0.689},"o":{"x":0.343,"y":0.343},"t":73,"s":[994.5,913,0],"to":[-138.071,0,0],"ti":[0,138.071,0]},{"i":{"x":0.833,"y":0.833},"o":{"x":0.437,"y":0.437},"t":94.5,"s":[744.5,663,0],"to":[0,-138.071,0],"ti":[-138.071,0,0]},{"t":116,"s":[994.5,413,0]}],"ix":2,"l":2},"a":{"a":0,"k":[-24,-346,0],"ix":1,"l":2},"s":{"a":0,"k":[40,40,100],"ix":6,"l":2}},"ao":0,"shapes":[{"ty":"gr","it":[{"d":1,"ty":"el","s":{"a":0,"k":[152,152],"ix":2},"p":{"a":0,"k":[0,0],"ix":3},"nm":"Ellipse Path 1","mn":"ADBE Vector Shape - Ellipse","hd":false},{"ty":"fl","c":{"a":0,"k":[0.188307130103,0.797647034888,0.566814527325,1],"ix":4},"o":{"a":0,"k":100,"ix":5},"r":1,"bm":0,"nm":"Fill 1","mn":"ADBE Vector Graphic - Fill","hd":false},{"ty":"tr","p":{"a":0,"k":[-24,-346],"ix":2},"a":{"a":0,"k":[0,0],"ix":1},"s":{"a":0,"k":[100,100],"ix":3},"r":{"a":0,"k":0,"ix":6},"o":{"a":0,"k":100,"ix":7},"sk":{"a":0,"k":0,"ix":4},"sa":{"a":0,"k":0,"ix":5},"nm":"Transform"}],"nm":"Ellipse 1","np":3,"cix":2,"bm":0,"ix":1,"mn":"ADBE Vector Group","hd":false}],"ip":30,"op":330,"st":30,"bm":0},{"ddd":0,"ind":3,"ty":4,"nm":"circle 3","sr":1,"ks":{"o":{"a":0,"k":100,"ix":11},"r":{"a":0,"k":0,"ix":10},"p":{"a":1,"k":[{"i":{"x":0.562,"y":0.562},"o":{"x":0.167,"y":0.167},"t":23,"s":[994.5,413,0],"to":[138.071,0,0],"ti":[0,-138.071,0]},{"i":{"x":0.656,"y":0.656},"o":{"x":0.311,"y":0.311},"t":44.5,"s":[1244.5,663,0],"to":[0,138.071,0],"ti":[138.071,0,0]},{"i":{"x":0.689,"y":0.689},"o":{"x":0.343,"y":0.343},"t":66,"s":[994.5,913,0],"to":[-138.071,0,0],"ti":[0,138.071,0]},{"i":{"x":0.833,"y":0.833},"o":{"x":0.437,"y":0.437},"t":87.5,"s":[744.5,663,0],"to":[0,-138.071,0],"ti":[-138.071,0,0]},{"t":109,"s":[994.5,413,0]}],"ix":2,"l":2},"a":{"a":0,"k":[-24,-346,0],"ix":1,"l":2},"s":{"a":0,"k":[60,60,100],"ix":6,"l":2}},"ao":0,"shapes":[{"ty":"gr","it":[{"d":1,"ty":"el","s":{"a":0,"k":[152,152],"ix":2},"p":{"a":0,"k":[0,0],"ix":3},"nm":"Ellipse Path 1","mn":"ADBE Vector Shape - Ellipse","hd":false},{"ty":"fl","c":{"a":0,"k":[0.188307130103,0.797647034888,0.566814527325,1],"ix":4},"o":{"a":0,"k":100,"ix":5},"r":1,"bm":0,"nm":"Fill 1","mn":"ADBE Vector Graphic - Fill","hd":false},{"ty":"tr","p":{"a":0,"k":[-24,-346],"ix":2},"a":{"a":0,"k":[0,0],"ix":1},"s":{"a":0,"k":[100,100],"ix":3},"r":{"a":0,"k":0,"ix":6},"o":{"a":0,"k":100,"ix":7},"sk":{"a":0,"k":0,"ix":4},"sa":{"a":0,"k":0,"ix":5},"nm":"Transform"}],"nm":"Ellipse 1","np":3,"cix":2,"bm":0,"ix":1,"mn":"ADBE Vector Group","hd":false}],"ip":23,"op":323,"st":23,"bm":0},{"ddd":0,"ind":4,"ty":4,"nm":"circle 2","sr":1,"ks":{"o":{"a":0,"k":100,"ix":11},"r":{"a":0,"k":0,"ix":10},"p":{"a":1,"k":[{"i":{"x":0.562,"y":0.562},"o":{"x":0.167,"y":0.167},"t":11,"s":[994.5,413,0],"to":[138.071,0,0],"ti":[0,-138.071,0]},{"i":{"x":0.656,"y":0.656},"o":{"x":0.311,"y":0.311},"t":34,"s":[1244.5,663,0],"to":[0,138.071,0],"ti":[138.071,0,0]},{"i":{"x":0.689,"y":0.689},"o":{"x":0.343,"y":0.343},"t":57,"s":[994.5,913,0],"to":[-138.071,0,0],"ti":[0,138.071,0]},{"i":{"x":0.833,"y":0.833},"o":{"x":0.437,"y":0.437},"t":80,"s":[744.5,663,0],"to":[0,-138.071,0],"ti":[-138.071,0,0]},{"t":103,"s":[994.5,413,0]}],"ix":2,"l":2},"a":{"a":0,"k":[-24,-346,0],"ix":1,"l":2},"s":{"a":0,"k":[80,80,100],"ix":6,"l":2}},"ao":0,"shapes":[{"ty":"gr","it":[{"d":1,"ty":"el","s":{"a":0,"k":[152,152],"ix":2},"p":{"a":0,"k":[0,0],"ix":3},"nm":"Ellipse Path 1","mn":"ADBE Vector Shape - Ellipse","hd":false},{"ty":"fl","c":{"a":0,"k":[0.188307130103,0.797647034888,0.566814527325,1],"ix":4},"o":{"a":0,"k":100,"ix":5},"r":1,"bm":0,"nm":"Fill 1","mn":"ADBE Vector Graphic - Fill","hd":false},{"ty":"tr","p":{"a":0,"k":[-24,-346],"ix":2},"a":{"a":0,"k":[0,0],"ix":1},"s":{"a":0,"k":[100,100],"ix":3},"r":{"a":0,"k":0,"ix":6},"o":{"a":0,"k":100,"ix":7},"sk":{"a":0,"k":0,"ix":4},"sa":{"a":0,"k":0,"ix":5},"nm":"Transform"}],"nm":"Ellipse 1","np":3,"cix":2,"bm":0,"ix":1,"mn":"ADBE Vector Group","hd":false}],"ip":11,"op":311,"st":11,"bm":0},{"ddd":0,"ind":5,"ty":4,"nm":"circle","sr":1,"ks":{"o":{"a":0,"k":100,"ix":11},"r":{"a":0,"k":0,"ix":10},"p":{"a":1,"k":[{"i":{"x":0.562,"y":0.562},"o":{"x":0.167,"y":0.167},"t":0,"s":[994.5,413,0],"to":[138.071,0,0],"ti":[0,-138.071,0]},{"i":{"x":0.656,"y":0.656},"o":{"x":0.311,"y":0.311},"t":21.75,"s":[1244.5,663,0],"to":[0,138.071,0],"ti":[138.071,0,0]},{"i":{"x":0.689,"y":0.689},"o":{"x":0.343,"y":0.343},"t":43.5,"s":[994.5,913,0],"to":[-138.071,0,0],"ti":[0,138.071,0]},{"i":{"x":0.833,"y":0.833},"o":{"x":0.437,"y":0.437},"t":65.25,"s":[744.5,663,0],"to":[0,-138.071,0],"ti":[-138.071,0,0]},{"t":87,"s":[994.5,413,0]}],"ix":2,"l":2},"a":{"a":0,"k":[-24,-346,0],"ix":1,"l":2},"s":{"a":0,"k":[95,95,100],"ix":6,"l":2}},"ao":0,"shapes":[{"ty":"gr","it":[{"d":1,"ty":"el","s":{"a":0,"k":[152,152],"ix":2},"p":{"a":0,"k":[0,0],"ix":3},"nm":"Ellipse Path 1","mn":"ADBE Vector Shape - Ellipse","hd":false},{"ty":"fl","c":{"a":0,"k":[0.188307130103,0.797647034888,0.566814527325,1],"ix":4},"o":{"a":0,"k":100,"ix":5},"r":1,"bm":0,"nm":"Fill 1","mn":"ADBE Vector Graphic - Fill","hd":false},{"ty":"tr","p":{"a":0,"k":[-24,-346],"ix":2},"a":{"a":0,"k":[0,0],"ix":1},"s":{"a":0,"k":[100,100],"ix":3},"r":{"a":0,"k":0,"ix":6},"o":{"a":0,"k":100,"ix":7},"sk":{"a":0,"k":0,"ix":4},"sa":{"a":0,"k":0,"ix":5},"nm":"Transform"}],"nm":"Ellipse 1","np":3,"cix":2,"bm":0,"ix":1,"mn":"ADBE Vector Group","hd":false}],"ip":0,"op":300,"st":0,"bm":0}],"markers":[]}